{
    "exportFormatVersion": 2,
    "exportTime": "2019-11-01 20:55:56",
    "containerVersion": {
        "path": "accounts/4703175926/containers/13363077/versions/0",
        "accountId": "4703175926",
        "containerId": "13363077",
        "containerVersionId": "0",
        "container": {
            "path": "accounts/4703175926/containers/13363077",
            "accountId": "4703175926",
            "containerId": "13363077",
            "name": "oopo.ngrok.io",
            "publicId": "GTM-KS275K5",
            "usageContext": [
                "WEB"
            ],
            "fingerprint": "1572640618444",
            "tagManagerUrl": "https://tagmanager.google.com/#/container/accounts/4703175926/containers/13363077/workspaces?apiLink=container"
        },
        "tag": [
            {
                "accountId": "4703175926",
                "containerId": "13363077",
                "tagId": "2",
                "name": "Odoo - Add Product to Cart",
                "type": "ua",
                "parameter": [
                    {
                        "type": "BOOLEAN",
                        "key": "nonInteraction",
                        "value": "false"
                    },
                    {
                        "type": "BOOLEAN",
                        "key": "overrideGaSettings",
                        "value": "true"
                    },
                    {
                        "type": "TEMPLATE",
                        "key": "eventCategory",
                        "value": "Click"
                    },
                    {
                        "type": "TEMPLATE",
                        "key": "trackType",
                        "value": "TRACK_EVENT"
                    },
                    {
                        "type": "TEMPLATE",
                        "key": "eventAction",
                        "value": "Add Product to Cart"
                    },
                    {
                        "type": "TEMPLATE",
                        "key": "trackingId",
                        "value": "UA-123456789-0"
                    }
                ],
                "fingerprint": "1572640868567",
                "firingTriggerId": [
                    "8"
                ],
                "tagFiringOption": "ONCE_PER_EVENT",
                "monitoringMetadata": {
                    "type": "MAP"
                }
            },
            {
                "accountId": "4703175926",
                "containerId": "13363077",
                "tagId": "3",
                "name": "Odoo - Click Process Checkout",
                "type": "ua",
                "parameter": [
                    {
                        "type": "BOOLEAN",
                        "key": "nonInteraction",
                        "value": "false"
                    },
                    {
                        "type": "BOOLEAN",
                        "key": "overrideGaSettings",
                        "value": "true"
                    },
                    {
                        "type": "TEMPLATE",
                        "key": "eventCategory",
                        "value": "Click"
                    },
                    {
                        "type": "TEMPLATE",
                        "key": "trackType",
                        "value": "TRACK_EVENT"
                    },
                    {
                        "type": "TEMPLATE",
                        "key": "eventAction",
                        "value": "Process Checkout"
                    },
                    {
                        "type": "TEMPLATE",
                        "key": "trackingId",
                        "value": "UA-123456789-0"
                    }
                ],
                "fingerprint": "1572640855243",
                "firingTriggerId": [
                    "9"
                ],
                "tagFiringOption": "ONCE_PER_EVENT",
                "monitoringMetadata": {
                    "type": "MAP"
                }
            },
            {
                "accountId": "4703175926",
                "containerId": "13363077",
                "tagId": "1",
                "name": "Odoo - Click Product Link",
                "type": "ua",
                "parameter": [
                    {
                        "type": "BOOLEAN",
                        "key": "nonInteraction",
                        "value": "false"
                    },
                    {
                        "type": "BOOLEAN",
                        "key": "overrideGaSettings",
                        "value": "true"
                    },
                    {
                        "type": "TEMPLATE",
                        "key": "eventCategory",
                        "value": "Click"
                    },
                    {
                        "type": "TEMPLATE",
                        "key": "trackType",
                        "value": "TRACK_EVENT"
                    },
                    {
                        "type": "TEMPLATE",
                        "key": "eventAction",
                        "value": "Clicked Product Link"
                    },
                    {
                        "type": "TEMPLATE",
                        "key": "trackingId",
                        "value": "UA-123456789-0"
                    }
                ],
                "fingerprint": "1572640837280",
                "firingTriggerId": [
                    "7"
                ],
                "tagFiringOption": "ONCE_PER_EVENT",
                "monitoringMetadata": {
                    "type": "MAP"
                }
            },
            {
                "accountId": "4703175926",
                "containerId": "13363077",
                "tagId": "5",
                "name": "Odoo - Pay Now",
                "type": "ua",
                "parameter": [
                    {
                        "type": "BOOLEAN",
                        "key": "overrideGaSettings",
                        "value": "true"
                    },
                    {
                        "type": "TEMPLATE",
                        "key": "trackType",
                        "value": "TRACK_PAGEVIEW"
                    },
                    {
                        "type": "TEMPLATE",
                        "key": "trackingId",
                        "value": "UA-123456789-0"
                    }
                ],
                "fingerprint": "1572640823628",
                "firingTriggerId": [
                    "11"
                ],
                "tagFiringOption": "ONCE_PER_EVENT",
                "monitoringMetadata": {
                    "type": "MAP"
                }
            },
            {
                "accountId": "4703175926",
                "containerId": "13363077",
                "tagId": "4",
                "name": "Odoo - Submit Address Form",
                "type": "ua",
                "parameter": [
                    {
                        "type": "BOOLEAN",
                        "key": "nonInteraction",
                        "value": "false"
                    },
                    {
                        "type": "BOOLEAN",
                        "key": "overrideGaSettings",
                        "value": "true"
                    },
                    {
                        "type": "TEMPLATE",
                        "key": "eventCategory",
                        "value": "Submit"
                    },
                    {
                        "type": "TEMPLATE",
                        "key": "trackType",
                        "value": "TRACK_EVENT"
                    },
                    {
                        "type": "TEMPLATE",
                        "key": "eventAction",
                        "value": "Submit Address Form"
                    },
                    {
                        "type": "TEMPLATE",
                        "key": "trackingId",
                        "value": "UA-123456789-0"
                    }
                ],
                "fingerprint": "1572640810885",
                "firingTriggerId": [
                    "10"
                ],
                "tagFiringOption": "ONCE_PER_EVENT",
                "monitoringMetadata": {
                    "type": "MAP"
                }
            }
        ],
        "trigger": [
            {
                "accountId": "4703175926",
                "containerId": "13363077",
                "triggerId": "6",
                "name": "Click",
                "type": "CLICK",
                "fingerprint": "1572633824975"
            },
            {
                "accountId": "4703175926",
                "containerId": "13363077",
                "triggerId": "8",
                "name": "Click Add To Cart",
                "type": "CLICK",
                "filter": [
                    {
                        "type": "CONTAINS",
                        "parameter": [
                            {
                                "type": "TEMPLATE",
                                "key": "arg0",
                                "value": "{{Click ID}}"
                            },
                            {
                                "type": "TEMPLATE",
                                "key": "arg1",
                                "value": "add_to_cart"
                            }
                        ]
                    }
                ],
                "fingerprint": "1572634510415"
            },
            {
                "accountId": "4703175926",
                "containerId": "13363077",
                "triggerId": "9",
                "name": "Click Process Checkout",
                "type": "CLICK",
                "filter": [
                    {
                        "type": "CONTAINS",
                        "parameter": [
                            {
                                "type": "TEMPLATE",
                                "key": "arg0",
                                "value": "{{Click Text}}"
                            },
                            {
                                "type": "TEMPLATE",
                                "key": "arg1",
                                "value": "Process Checkout"
                            }
                        ]
                    }
                ],
                "fingerprint": "1572639979920"
            },
            {
                "accountId": "4703175926",
                "containerId": "13363077",
                "triggerId": "7",
                "name": "Click Product Link",
                "type": "CLICK",
                "filter": [
                    {
                        "type": "CONTAINS",
                        "parameter": [
                            {
                                "type": "TEMPLATE",
                                "key": "arg0",
                                "value": "{{Click Element}}"
                            },
                            {
                                "type": "TEMPLATE",
                                "key": "arg1",
                                "value": "/shop/product/"
                            }
                        ]
                    }
                ],
                "fingerprint": "1572634058007"
            },
            {
                "accountId": "4703175926",
                "containerId": "13363077",
                "triggerId": "11",
                "name": "Click on Pay Now",
                "type": "CLICK",
                "filter": [
                    {
                        "type": "CONTAINS",
                        "parameter": [
                            {
                                "type": "TEMPLATE",
                                "key": "arg0",
                                "value": "{{Click ID}}"
                            },
                            {
                                "type": "TEMPLATE",
                                "key": "arg1",
                                "value": "o_payment_form_pay"
                            }
                        ]
                    }
                ],
                "fingerprint": "1572640589433"
            },
            {
                "accountId": "4703175926",
                "containerId": "13363077",
                "triggerId": "10",
                "name": "Submit Address Form",
                "type": "FORM_SUBMISSION",
                "filter": [
                    {
                        "type": "CONTAINS",
                        "parameter": [
                            {
                                "type": "TEMPLATE",
                                "key": "arg0",
                                "value": "{{Form Classes}}"
                            },
                            {
                                "type": "TEMPLATE",
                                "key": "arg1",
                                "value": "checkout_autoformat"
                            }
                        ]
                    }
                ],
                "waitForTags": {
                    "type": "BOOLEAN",
                    "value": "false"
                },
                "checkValidation": {
                    "type": "TEMPLATE"
                },
                "waitForTagsTimeout": {
                    "type": "TEMPLATE",
                    "value": "2000"
                },
                "uniqueTriggerId": {
                    "type": "TEMPLATE"
                },
                "fingerprint": "1572640443799"
            }
        ],
        "variable": [
            {
                "accountId": "4703175926",
                "containerId": "13363077",
                "variableId": "1",
                "name": "Google Analytics Oopo Tests",
                "type": "gas",
                "parameter": [
                    {
                        "type": "TEMPLATE",
                        "key": "cookieDomain",
                        "value": "auto"
                    },
                    {
                        "type": "BOOLEAN",
                        "key": "doubleClick",
                        "value": "false"
                    },
                    {
                        "type": "BOOLEAN",
                        "key": "setTrackerName",
                        "value": "false"
                    },
                    {
                        "type": "BOOLEAN",
                        "key": "useDebugVersion",
                        "value": "false"
                    },
                    {
                        "type": "BOOLEAN",
                        "key": "useHashAutoLink",
                        "value": "false"
                    },
                    {
                        "type": "BOOLEAN",
                        "key": "decorateFormsAutoLink",
                        "value": "false"
                    },
                    {
                        "type": "BOOLEAN",
                        "key": "enableLinkId",
                        "value": "false"
                    },
                    {
                        "type": "BOOLEAN",
                        "key": "enableEcommerce",
                        "value": "false"
                    },
                    {
                        "type": "TEMPLATE",
                        "key": "trackingId",
                        "value": "UA-143360638-2"
                    }
                ],
                "fingerprint": "1572634175946"
            }
        ],
        "builtInVariable": [
            {
                "accountId": "4703175926",
                "containerId": "13363077",
                "type": "PAGE_URL",
                "name": "Page URL"
            },
            {
                "accountId": "4703175926",
                "containerId": "13363077",
                "type": "PAGE_HOSTNAME",
                "name": "Page Hostname"
            },
            {
                "accountId": "4703175926",
                "containerId": "13363077",
                "type": "PAGE_PATH",
                "name": "Page Path"
            },
            {
                "accountId": "4703175926",
                "containerId": "13363077",
                "type": "REFERRER",
                "name": "Referrer"
            },
            {
                "accountId": "4703175926",
                "containerId": "13363077",
                "type": "EVENT",
                "name": "Event"
            },
            {
                "accountId": "4703175926",
                "containerId": "13363077",
                "type": "CLICK_ELEMENT",
                "name": "Click Element"
            },
            {
                "accountId": "4703175926",
                "containerId": "13363077",
                "type": "CLICK_CLASSES",
                "name": "Click Classes"
            },
            {
                "accountId": "4703175926",
                "containerId": "13363077",
                "type": "CLICK_ID",
                "name": "Click ID"
            },
            {
                "accountId": "4703175926",
                "containerId": "13363077",
                "type": "CLICK_TARGET",
                "name": "Click Target"
            },
            {
                "accountId": "4703175926",
                "containerId": "13363077",
                "type": "CLICK_URL",
                "name": "Click URL"
            },
            {
                "accountId": "4703175926",
                "containerId": "13363077",
                "type": "CLICK_TEXT",
                "name": "Click Text"
            },
            {
                "accountId": "4703175926",
                "containerId": "13363077",
                "type": "FORM_ELEMENT",
                "name": "Form Element"
            },
            {
                "accountId": "4703175926",
                "containerId": "13363077",
                "type": "FORM_CLASSES",
                "name": "Form Classes"
            },
            {
                "accountId": "4703175926",
                "containerId": "13363077",
                "type": "FORM_ID",
                "name": "Form ID"
            },
            {
                "accountId": "4703175926",
                "containerId": "13363077",
                "type": "FORM_TARGET",
                "name": "Form Target"
            },
            {
                "accountId": "4703175926",
                "containerId": "13363077",
                "type": "FORM_URL",
                "name": "Form URL"
            },
            {
                "accountId": "4703175926",
                "containerId": "13363077",
                "type": "FORM_TEXT",
                "name": "Form Text"
            }
        ],
        "fingerprint": "0",
        "tagManagerUrl": "https://tagmanager.google.com/#/versions/accounts/4703175926/containers/13363077/versions/0?apiLink=version"
    }
}
